{
    "sound": 1,
    "music_on": true,
    "sound_on": true,
    "music_volume": 0.09500000000000001,
    "sound_volume": 0.22000000000000003
}